,deputado_id,nome,idLegislaturaFinal,nomeCivil,siglaSexo,ufNascimento,municipioNascimento
2824,62881,Danilo Forte,56,FRANCISCO DANILO BASTOS FORTE,M,CE,Fortaleza
2842,66179,Norma Ayub,56,NORMA AYUB ALVES,F,ES,Vitoria
2845,66828,Fausto Pinato,56,FAUSTO RUY PINATO,M,SP,Fernandopolis
2847,67138,Iracema Portella,56,IRACEMA MARIA PORTELLA NUNES NOGUEIRA LIMA,F,PI,Teresina
2852,68720,Fabio Henrique,56,FABIO HENRIQUE SANTANA DE CARVALHO,M,SE,Simao Dias
2854,69871,Bacelar,56,JOAO CARLOS BACELAR BATISTA,M,BA,Esplanada
2856,72442,Felipe Carreras,56,FELIPE AUGUSTO LYRA CARRERAS,M,PE,Recife
2876,73433,Arlindo Chinaglia,56,ARLINDO CHIGNALIA JUNIOR,M,SP,Serra Azul
2884,73441,Celso Russomanno,56,CELSO UBIRAJARA RUSSOMANNO,M,SP,Sao Paulo
2903,73460,Gustavo Fruet,56,GUSTAVO BONATO FRUET,M,PR,Curitiba
2909,73466,Rubens Bueno,56,RUBENS BUENO,M,PR,Sertanopolis
2925,73482,Henrique Fontana,56,HENRIQUE FONTANA JUNIOR,M,RS,Porto Alegre
2929,73486,Pompeo de Mattos,56,DARCI POMPEO DE MATTOS,M,RS,Santo Augusto
2942,73531,Ivan Valente,56,IVAN VALENTE,M,SP,Sao Paulo
2997,73586,Julio Delgado,56,JULIO CESAR DELGADO,M,MG,Juiz de Fora
3015,73604,Rui Falcao,56,RUI GOETHE DA COSTA FALCAO,M,MG,Pitangui
3057,73674,ROBERTO BALESTRA,56,ROBERTO EGIDIO BALESTRA,M,GO,Inhumas
3075,73692,Osmar Terra,56,OSMAR GASPARINI TERRA,M,RS,Porto Alegre
3079,73696,Angela Amin,56,ANGELA REGINA HEINZEN AMIN HELOU,F,SC,Indaial
3084,73701,Benedita da Silva,56,BENEDITA SOUZA DA SILVA SAMPAIO,F,RJ,Rio de Janeiro
3140,73772,Hermes Parcianello,56,HERMES PARCIANELLO,M,PR,Goioere
3156,73788,Ricardo Barros,56,RICARDO JOSE MAGALHAES BARROS,M,PR,Maringa
3169,73801,Renildo Calheiros,56,RENILDO VASCONCELOS CALHEIROS,M,AL,Murici
3176,73808,Sergio Brito,56,SERGIO LUIS LACERDA BRITO,M,BA,Vitoria da Conquista
3239,73891,Darcisio Perondi,56,DARCISIO PAULO PERONDI,M,RS,Ijui
3291,73943,Perpetua Almeida,56,MARIA PERPETUA DE ALMEIDA,F,AC,Porto Walter
3354,74010,VALDIR COLATTO,56,VALDIR COLATTO,M,RS,Lagoa Vermelha
3387,74043,Wellington Roberto,56,JOSE WELLINGTON ROBERTO,M,PB,Sao Jose de Piranhas
3388,74044,Wilson Santiago,56,JOSE WILSON SANTIAGO,M,PB,Uirauna
3396,74052,Bosco Costa,56,JOAO BOSCO DA COSTA,M,SE,Itabaiana
3401,74057,Alice Portugal,56,ALICE MAZZUCO PORTUGAL,F,BA,Salvador
3404,74060,Daniel Almeida,56,DANIEL GOMES DE ALMEIDA,M,BA,Mairi
3419,74075,Elcione Barbalho,56,ELCIONE THEREZINHA ZAHLUTH BARBALHO,F,PA,Belem
3423,74079,Jose Priante,56,JOSE BENITO PRIANTE JUNIOR,M,PA,Belem
3434,74090,Atila Lins,56,ATILA SIDNEY LINS ALBUQUERQUE,M,AM,Fonte Boa
3485,74141,Josias Gomes,56,JOSIAS GOMES DA SILVA,M,PE,Amaraji
3500,74156,Leonardo Monteiro,56,JOSE LEONARDO COSTA MONTEIRO,M,MG,Governador Valadares
3502,74158,Mario Heringer,56,MARIO LUCIO HERINGER,M,MG,Manhumirim
3503,74159,Odair Cunha,56,ODAIR JOSE DA CUNHA,M,SP,Piedade
3504,74160,Patrus Ananias,56,PATRUS ANANIAS DE SOUSA,M,MG,Bocaiuva
3505,74161,Reginaldo Lopes,56,REGINALDO LAZARO DE OLIVEIRA LOPES,M,MG,Bom Sucesso
3544,74200,Gastao Vieira,56,GASTAO DIAS VIEIRA,M,MA,Sao Luis
3556,74212,Anibal Gomes,56,ANIBAL FERREIRA GOMES,M,RJ,Rio de Janeiro
3606,74262,Carlos Sampaio,56,CARLOS HENRIQUE FOCESI SAMPAIO,M,SP,Campinas
3614,74270,Gilberto Nascimento,56,GILBERTO NASCIMENTO SILVA,M,SP,Sao Paulo
3617,74273,Jefferson Campos,56,JEFFERSON ALVES DE CAMPOS,M,SP,Ourinhos
3627,74283,Vicentinho,56,VICENTE PAULO DA SILVA,M,RN,Santa Cruz
3643,74299,Leonidas Cristino,56,JOSE LEONIDAS DE MENEZES CRISTINO,M,CE,Coreau
3649,74305,Roberto Pessoa,56,ROBERTO SOARES PESSOA,M,CE,Fortaleza
3660,74317,Julio Cesar,56,JULIO CESAR DE CARVALHO LIMA,M,PI,Guadalupe
3662,74319,Paes Landim,56,JOSE FRANCISCO PAES LANDIM,M,PI,Sao Joao do Piaui
3695,74352,Nilson Pinto,56,NILSON PINTO DE OLIVEIRA,M,PA,Belem
3699,74356,Silas Camara,56,SILAS CAMARA,M,AC,Rio Branco
3709,74366,Joao Campos,56,JOAO CAMPOS DE ARAUJO,M,TO,Peixe
3714,74371,Rubens Otoni,56,RUBENS OTONI GOMIDE,M,GO,Goianesia
3717,74374,Geraldo Resende,56,GERALDO RESENDE PEREIRA,M,MG,Corrego Danta
3719,74376,Vander Loubet,56,VANDER LUIZ DOS SANTOS LOUBET,M,MS,Porto Murtinho
3726,74383,Giacobo,56,FERNANDO LUCIO GIACOBO,M,PR,Pato Branco
3741,74398,Maria do Rosario,56,MARIA DO ROSARIO NUNES,F,RS,Veranopolis
3742,74399,Onyx Lorenzoni,56,ONYX DORNELLES LORENZONI,M,RS,Porto Alegre
3743,74400,Paulo Pimenta,56,PAULO ROBERTO SEVERO PIMENTA,M,RS,Santa Maria
3762,74419,Gonzaga Patriota,56,LUIZ GONZAGA PATRIOTA,M,PE,Sertania
3782,74439,Wolney Queiroz,56,WOLNEY QUEIROZ MACIEL,M,PE,Caruaru
3802,74459,Atila Lira,56,ATILA FREITAS LIRA,M,PI,Piripiri
3810,74467,Damiao Feliciano,56,DAMIAO FELICIANO DA SILVA,M,PB,Campina Grande
3814,74471,Andre de Paula,56,ANDRE CARLOS ALVES DE PAULA FILHO,M,PE,Recife
3821,74478,Luciano Bivar,56,LUCIANO CALDAS BIVAR,M,PE,Recife
3861,74537,Claudio Cajado,56,CLAUDIO CAJADO SAMPAIO,M,BA,Salvador
3878,74554,Jose Rocha,56,JOSE ALVES ROCHA,M,BA,Coribe
3895,74571,Nelson Pellegrino,56,NELSON VICENTE PORTELA PELLEGRINO,M,BA,Salvador
3898,74574,Paulo Magalhaes,56,PAULO SERGIO PARANHOS DE MAGALHAES,M,BA,Salvador
3909,74585,Lincoln Portela,56,LINCOLN DINIZ PORTELA,M,MG,Belo Horizonte
3934,74646,Aecio Neves,56,AECIO NEVES DA CUNHA,M,MG,Belo Horizonte
3943,74655,Eduardo Barbosa,56,EDUARDO LUIZ BARROS BARBOSA,M,MG,Para de Minas
3981,74693,Rodrigo Maia,56,RODRIGO FELINTO IBARRA EPITACIO MAIA,M,,Santiago
4003,74749,Mauro Lopes,56,MAURO RIBEIRO LOPES,M,MG,Entre Folhas
4038,74784,Luiza Erundina,56,LUIZA ERUNDINA DE SOUSA,F,PB,Uirauna
4060,74806,Tadeu Filippelli,56,NELSON TADEU FILIPPELLI,M,SP,Catanduva
4091,74848,Jandira Feghali,56,JANDIRA FEGHALI,F,PR,Curitiba
4107,75431,Mauricio Dziedricki,56,MAURICIO ALEXANDRE DZIEDRICKI,M,PR,Curitiba
4110,76874,Marcelo Freixo,56,MARCELO RIBEIRO FREIXO,M,RJ,Niteroi
4114,81055,Marcio Jerry,56,MARCIO JERRY SARAIVA BARROSO,M,MA,Colinas
4116,81297,Dra. Soraya Manato,56,SORAYA DE SOUZA MANNATO,F,ES,Linhares
4123,90201,Pedro Augusto Bezerra,56,PEDRO AUGUSTO GEROMEL BEZERRA DE MENEZES,M,CE,Juazeiro do Norte
4124,90842,Santini,56,RONALDO SANTINI,M,RS,Lagoa Vermelha
4126,92102,Leur Lomanto Junior,56,LEUR ANTONIO DE BRITTO LOMANTO JUNIOR,M,BA,Salvador
4127,92346,Eduardo Bolsonaro,56,EDUARDO NANTES BOLSONARO,M,RJ,Rio de Janeiro
4129,92699,Fernando Monteiro,56,FERNANDO MONTEIRO DE ALBUQUERQUE,M,PE,Recife
4130,92776,Stefano Aguiar,56,STEFANO AGUIAR DOS SANTOS,M,MG,Belo Horizonte
4131,93083,Caca Leao,56,CARLOS FELIPE VAZQUEZ DE SOUZA LEAO,M,BA,Salvador
4136,98057,Lafayette de Andrada,56,LAFAYETTE LUIZ DOORGAL DE ANDRADA,M,MG,Belo Horizonte
4141,107283,Gleisi Hoffmann,56,GLEISI HELENA HOFFMANN,F,PR,Curitiba
4142,108338,Jaqueline Cassol,56,DIRLAINE JAQUELINE CASSOL,F,SC,Sao Miguel do Oeste
4145,109429,Benes Leocadio,56,LUIZ BENES LEOCADIO DE ARAUJO,M,RN,Santana do Matos
4146,112437,Joao Marcelo Souza,56,JOAO MARCELO SANTOS SOUZA,M,MA,Sao Luis
4150,115746,Gelson Azevedo,56,GELSON DE AZEVEDO ALMEIDA,M,RJ,Campos dos Goytacazes
4152,116379,Darci de Matos,56,DARCI DE MATOS,M,PR,Cafelandia
4157,121948,Adriano do Baldy,56,ADRIANO ANTONIO AVELAR,M,GO,Goias
4158,122158,Pedro Paulo,56,PEDRO PAULO CARVALHO TEIXEIRA,M,RJ,Rio de Janeiro
4160,122466,Ronaldo Martins,56,RONALDO MANCHADO MARTINS,M,SP,Sao Paulo
4161,122974,Pedro Lucas Fernandes,56,PEDRO LUCAS ANDRADE FERNANDES RIBEIRO,M,MA,Sao Luis
4164,128760,Paulo Marinho Jr,56,PAULO CELSO FONSECA MARINHO JUNIOR,M,MA,Caxias
6190,132504,Enio Verri,56,ENIO JOSE VERRI,M,PR,Maringa
6199,133439,Andre Figueiredo,56,ANDRE PEIXOTO FIGUEIREDO LIMA,M,CE,Fortaleza
6204,133810,Marcelo Moraes,56,MARCELO PIRES MORAES,M,RS,Porto Alegre
6333,133968,Paulo Ramos,56,Paulo Sergio Ramos Barboza,M,RJ,Rio de Janeiro
6366,134812,Edmilson Rodrigues,56,EDMILSON BRITO RODRIGUES,M,PA,Belem
6368,135054,Cristiano Vale,56,CRISTIANO DUTRA VALE,M,MG,Manhuacu
6372,136811,Afonso Hamm,56,JOSE ALFONSO EBERT HAMM,M,RS,Hulha Negra
6373,137070,Vicentinho Junior,56,VICENTE ALVES DE OLIVEIRA JUNIOR,M,GO,Goiania
6541,139285,Lidice da Mata,56,LIDICE DA MATA E SOUZA,F,BA,Cachoeira
6647,141335,Beto Faro,56,JOSE ROBERTO OLIVEIRA FARO,M,PA,Bujaru
6671,141391,Arnaldo Jardim,56,ARNALDO CALIL PEREIRA JARDIM,M,SP,Altinopolis
6678,141398,Carlos Zarattini,56,CARLOS ALBERTO ROLIM ZARATTINI,M,SP,Sao Paulo
6681,141401,Carlos Bezerra,56,CARLOS GOMES BEZERRA,M,MT,Chapada dos Guimaraes
6685,141405,Celso Maldaner,56,CELSO MALDANER,M,SC,Chapeco
6688,141408,Cleber Verde,56,CLEBER VERDE CORDEIRO MENDES,M,MA,Santa Luzia
6691,141411,Dagoberto Nogueira,56,DAGOBERTO NOGUEIRA FILHO,M,SP,Sao Jose do Rio Preto
6697,141417,Edio Lopes,56,EDIO VIEIRA LOPES,M,SP,Presidente Epitacio
6701,141421,Eduardo da Fonte,56,EDUARDO HENRIQUE DA FONTE DE ALBUQUERQUE SILVA,M,PE,Recife
6702,141422,Efraim Filho,56,EFRAIM DE ARAUJO MORAIS FILHO,M,PB,Joao Pessoa
6707,141427,Fabio Ramalho,56,FABIO AUGUSTO RAMALHO DOS SANTOS,M,DF,Brasilia
6708,141428,Fabio Faria,56,FABIO SALUSTINO MESQUITA DE FARIA,M,RN,Natal
6711,141431,Fernando Coelho Filho,56,FERNANDO BEZERRA DE SOUZA COELHO FILHO,M,PE,Recife
6714,141434,Flaviano Melo,56,FLAVIANO FLAVIO BAPTISTA DE MELO,M,AC,Rio Branco
6719,141439,Chico D'Angelo,56,FRANCISCO JOSE D'ANGELO PINTO,M,RJ,Campos dos Goytacazes
6730,141450,Hugo Leal,56,HUGO LEAL MELO DA SILVA,M,MG,Ouro Fino
6738,141458,Joao Carlos Bacelar,56,JOAO CARLOS PAOLILO BACELAR FILHO,M,BA,Salvador
6739,141459,Joao Maia,56,JOAO DA SILVA MAIA,M,PB,Brejo do Cruz
6744,141464,Jose Airton Felix Cirilo,56,JOSE AIRTON FELIX CIRILO DA SILVA,M,CE,Aracati
6750,141470,Jose Guimaraes,56,JOSE NOBRE GUIMARAES,M,CE,Quixeramobim
6768,141488,Paulo Teixeira,56,LUIZ PAULO TEIXEIRA FERREIRA,M,SP,Aguas da Prata
6788,141508,Mauro Nazif,56,MAURO NAZIF RASUL,M,RJ,Barra do Pirai
6793,141513,Bilac Pinto,56,OLAVO BILAC PINTO NETO,M,RJ,Rio de Janeiro
6796,141516,Paulo Abi-Ackel,56,PAULO ABI-ACKEL,M,MG,Belo Horizonte
6798,141518,Paulo Pereira da Silva,56,PAULO PEREIRA DA SILVA,M,PR,Porecatu
6803,141523,Raul Henry,56,RAUL JEAN LOUIS HENRY JUNIOR,M,PE,Recife
6811,141531,Rodrigo de Castro,56,RODRIGO BATISTA DE CASTRO,M,MG,Vicosa
6831,141552,Valtenir Pereira,56,VALTENIR LUIZ PEREIRA,M,MT,Jaciara
6832,141553,Vanderlei Macris,56,VANDERLEI MACRIS,M,SP,Americana
6834,141555,Vinicius Carvalho,56,VINICIUS RAPOZO DE CARVALHO,M,RJ,Rio de Janeiro
6844,143084,Tiago Dimas,56,TIAGO BRAGA PEREIRA,M,MG,Uberaba
6847,143632,Domingos Neto,56,DOMINGOS GOMES DE AGUIAR NETO,M,CE,Fortaleza
6850,146307,Neri Geller,56,NERI GELLER,M,RS,Selbach
6853,146788,Marcelo Aro,56,MARCELO GUILHERME DE ARO FERREIRA,M,MG,Belo Horizonte
6862,150418,Marcio Marinho,56,MARCIO CARLOS MARINHO,M,RJ,Cabo Frio
6866,151208,Laercio Oliveira,56,LAERCIO JOSE DE OLIVEIRA,M,PE,Recife
6870,152605,Glauber Braga,56,GLAUBER DE MEDEIROS BRAGA,M,RJ,Nova Friburgo
6875,152610,Roberto Alves,56,BENEDITO ROBERTO ALVES FERREIRA,M,SP,Taubate
6879,154178,Milton Vieira,56,MILTON VIEIRA PINTO,M,SP,Iepe
6887,156190,Marcel van Hattem,56,MARCEL VAN HATTEM,M,RS,Sao Leopoldo
6889,157130,Tulio Gadelha,56,TULIO GADELHA SALES DE MELO,M,PE,Recife
6893,159237,Assis Carvalho,56,FRANCISCO DE ASSIS CARVALHO GONCALVES,M,PI,Oeiras
6894,159238,Marcus Pestana,56,MARCUS VINICIUS CAETANO PESTANA DA SILVA,M,MG,Juiz de Fora
6909,160508,Afonso Florence,56,AFONSO BANDEIRA FLORENCE,M,BA,Salvador
6911,160510,Luis Tibe,56,LUIS HENRIQUE DE OLIVEIRA RESENDE,M,MG,Belo Horizonte
6912,160511,Alessandro Molon,56,ALESSANDRO LUCCIOLA MOLON,M,MG,Belo Horizonte
6913,160512,Aureo Ribeiro,56,AUREO LIDIO MOREIRA RIBEIRO,M,RJ,Duque de Caxias
6918,160517,Paulo Foletto,56,PAULO ROBERTO FOLETTO,M,ES,Colatina
6919,160518,Weliton Prado,56,WELITON FERNANDES PRADO,M,MG,Uberlandia
6922,160527,Aguinaldo Ribeiro,56,AGUINALDO VELLOSO BORGES RIBEIRO,M,PB,Campina Grande
6923,160528,Danilo Cabral,56,DANILO JORGE DE BARROS CABRAL,M,PE,Surubim
6926,160531,Jhonatan de Jesus,56,JOHNATHAN PEREIRA DE JESUS,M,RR,Boa Vista
6927,160532,Eli Correa Filho,56,ADRIANO ELI CORREA,M,SP,Sao Paulo
6929,160534,Lauriete,56,LAURIETE RODRIGUES DE JESUS,F,ES,Vila Velha
6930,160535,Marcon,56,DIONILSO MATEUS MARCON,M,RS,Ronda Alta
6933,160538,Bohn Gass,56,ELVINO JOSE BOHN GASS,M,RS,Santo Cristo
6936,160541,Arthur Lira,56,ARTHUR CESAR PEREIRA DE LIRA,M,AL,Maceio
6940,160545,Alexandre Leite,56,ALEXANDRE LEITE DA SILVA,M,SP,Sao Paulo
6947,160552,Danrlei de Deus Hinterholz,56,DANRLEI DE DEUS HINTERHOLZ,M,RS,Crissiumal
6948,160553,Antonio Brito,56,ANTONIO LUIZ PARANHOS RIBEIRO LEITE DE BRITO,M,BA,Salvador
6951,160556,Padre Joao,56,JOAO CARLOS SIQUEIRA,M,MG,Urucania
6953,160558,Paulo Freire Costa,56,PAULO ROBERTO FREIRE DA COSTA,M,SP,Sao Paulo
6954,160559,Alceu Moreira,56,ALCEU MOREIRA DA SILVA,M,RS,Osorio
6964,160569,Waldenor Pereira,56,WALDENOR ALVES PEREIRA FILHO,M,BA,Cacule
6965,160570,Jeronimo Goergen,56,JERONIMO PIZZOLOTTO GOERGEN,M,RS,Palmeira das Missoes
6970,160575,Erika Kokay,56,ERIKA JUCA KOKAY,F,CE,Fortaleza
6981,160587,Fabio Trad,56,FABIO RICARDO TRAD,M,MS,Campo Grande
6982,160588,Diego Andrade,56,DIEGO LEONARDO DE ANDRADE CARVALHO,M,MG,Belo Horizonte
6983,160589,Bruna Furlan,56,BRUNA DIAS FURLAN,F,SP,Barueri
6985,160591,Vinicius Gurgel,56,VINICIUS DE AZEVEDO GURGEL,M,AP,Macapa
6986,160592,Zeca Dirceu,56,JOSE CARLOS BECKER DE OLIVEIRA E SILVA,M,PR,Umuarama
6992,160598,Flavia Morais,56,FLAVIA CARREIRO ALBUQUERQUE MORAIS,F,MG,Belo Horizonte
6993,160599,Dimas Fabiano,56,DIMAS FABIANO TOLEDO JUNIOR,M,RJ,Macae
6994,160600,Arthur Oliveira Maia,56,ARTHUR DE OLIVEIRA MAIA DA SILVA,M,BA,Salvador
6995,160601,Pr. Marco Feliciano,56,MARCO ANTONIO FELICIANO,M,SP,Orlandia
6998,160604,Pedro Uczai,56,PEDRO FRANCISCO UCZAI,M,SC,Descanso
7004,160610,Valmir Assuncao,56,VALMIR CARLOS DA ASSUNCAO,M,BA,Itamaraju
7013,160619,Jose Nunes,56,JOSE NUNES SOARES,M,PE,Belem de Sao Francisco
7015,160621,Sandro Alex,56,SANDRO ALEX CRUZ DE OLIVEIRA,M,PR,Ponta Grossa
7026,160632,Ze Silva,56,JOSE SILVA SOARES,M,MG,Iturama
7029,160635,Ruy Carneiro,56,RUY MANUEL CARNEIRO BARBOSA DE ACA BELCHIOR,M,PB,Joao Pessoa
7033,160639,Professora Dorinha Seabra Rezende,56,MARIA AUXILIADORA SEABRA REZENDE,F,GO,Goiania
7034,160640,Eros Biondini,56,EROS FERREIRA BIONDINI,M,MG,Belo Horizonte
7035,160641,Professora Marcivania,56,MARCIVANIA DO SOCORRO DA ROCHA FLEXA,F,AP,Macapa
7036,160642,Pastor Eurico,56,FRANCISCO EURICO DA SILVA,M,SP,Presidente Prudente
7039,160645,Luiz Carlos,56,LUIZ CARLOS GOMES DOS SANTOS JUNIOR,M,AP,Amapa
7045,160651,Rogerio Peninha Mendonca,56,ROGERIO MENDONCA,M,SC,Nova Trento
7047,160653,Roberto de Lucena,56,ROBERTO ALVES DE LUCENA,M,SP,Santa Isabel
7049,160655,Ricardo Izar,56,RICARDO IZAR JUNIOR,M,SP,Sao Paulo
7059,160665,Augusto Coutinho,56,AUGUSTO RODRIGUES COUTINHO DE MELO,M,PE,Recife
7060,160666,Felix Mendonca Junior,56,FELIX DE ALMEIDA MENDONCA JUNIOR,M,BA,Itabuna
7061,160667,Guilherme Mussi,56,GUILHERME MUSSI FERREIRA,M,PR,Curitiba
7063,160669,Genecias Noronha,56,GENECIAS MATEUS NORONHA,M,CE,Fortaleza
7066,160672,Jean Wyllys,56,JEAN WYLLYS DE MATOS SANTOS,M,BA,Alagoinhas
7067,160673,Giovani Cherini,56,GIOVANI CHERINI,M,RS,Soledade
7068,160674,Hugo Motta,56,HUGO MOTTA WANDERLEY DA NOBREGA,M,PB,Joao Pessoa
7075,160758,Domingos Savio,56,DOMINGOS SAVIO CAMPOS RESENDE,M,MG,Sao Tiago
7077,160976,Tiririca,56,FRANCISCO EVERARDO TIRIRICA OLIVEIRA SILVA,M,CE,Itapipoca
7078,161550,Emidinho Madeira,56,EMIDIO ALVES MADEIRA JUNIOR,M,MG,Nova Resende
7087,162332,Luiz Nishimori,56,LUIZ HILOSHI NISHIMORI,M,PR,Marialva
7092,164359,Delegado Waldir,56,WALDIR SOARES DE OLIVEIRA,M,PR,Jacarezinho
7093,164360,Carmen Zanotto,56,CARMEN EMILIA BONFA ZANOTTO,F,SC,Lages
7099,166402,Magda Mofatto,56,MAGDA MOFATTO HON,F,SP,Limeira
7107,168175,Simplicio Araujo,56,JOSE SIMPLICIO ALVES DE ARAUJO,M,MA,Bacabal
7116,171617,Paulao,56,PAULO FERNANDO DOS SANTOS,M,AL,Maceio
7118,171619,Margarida Salomao,56,MARIA MARGARIDA MARTINS SALOMAO,F,MG,Juiz de Fora
7122,171623,Fabio Reis,56,FABIO DE ALMEIDA REIS,M,SE,Lagarto
7139,177282,Subtenente Gonzaga,56,LUIZ GONZAGA RIBEIRO,M,MG,Manhuacu
7148,178829,Capitao Augusto,56,JOSE AUGUSTO ROSA,M,SP,Ourinhos
7149,178830,Dr. Sinval Malheiros,56,SINVAL MALHEIROS PINTO JUNIOR,M,SP,Sao Paulo
7150,178831,Andre Abdon,56,ANDRE DOS SANTOS ABDON,M,PA,Belem
7151,178832,Leandre,56,LEANDRE DAL PONTE,F,PR,Pato Branco
7152,178833,Alexandre Serfiotis,56,ALEXANDRE AUGUSTUS SERFIOTIS,M,RJ,Porto Real
7154,178835,Afonso Motta,56,AFONSO ANTUNES DA MOTTA,M,RS,Porto Alegre
7155,178836,Alan Rick,56,ALAN RICK MIRANDA,M,AC,Rio Branco
7158,178839,Jessica Sales,56,JESSICA ROJAS SALES,F,AC,Cruzeiro do Sul
7161,178842,Jhc,56,JOAO HENRIQUE HOLANDA  CALDAS,M,AL,Maceio
7162,178843,Marx Beltrao,56,MARX BELTRAO LIMA SIQUEIRA,M,AL,Maceio
7172,178853,Caetano,56,LUIZ CARLOS CAETANO,M,BA,Central
7173,178854,Elmar Nascimento,56,ELMAR JOSE VIEIRA NASCIMENTO,M,BA,Campo Formoso
7176,178857,Jorge Solla,56,JORGE JOSE SANTOS PEREIRA SOLLA,M,BA,Salvador
7177,178858,Mario Negromonte Jr.,56,MARIO SILVIO MENDES NEGROMONTE JUNIOR,M,BA,Paulo Afonso
7179,178860,Paulo Azi,56,PAULO VELLOSO DANTAS AZI,M,BA,Salvador
7180,178861,Ronaldo Carletto,56,RONALDO CARLETTO,M,ES,Conceicao da Barra
7182,178863,Uldurico Junior,56,ULDURICO ALENCAR PINTO,M,DF,Brasilia
7185,178866,Luizianne Lins,56,LUIZIANNE DE OLIVEIRA LINS,F,CE,Fortaleza
7190,178871,Evair Vieira de Melo,56,EVAIR VIEIRA DE MELO,M,ES,Conceicao do Castelo
7192,178873,Helder Salomao,56,HELDER IGNACIO SALOMAO,M,ES,Colatina
7193,178874,Sergio Vidigal,56,ANTONIO SERGIO ALVES VIDIGAL,M,ES,Vitoria
7195,178876,Celio Silveira,56,CELIO ANTONIO DA SILVEIRA,M,GO,Luziania
7198,178879,Lucas Vergilio,56,LUCAS DE CASTRO SANTOS,M,GO,Goiania
7200,178881,Aluisio Mendes,56,ALUISIO GUIMARAES MENDES FILHO,M,MG,Belo Horizonte
7201,178882,Andre Fufuca,56,ANDRE LUIZ CARVALHO RIBEIRO,M,MA,Santa Ines
7203,178884,Hildo Rocha,56,HILDO AUGUSTO DA ROCHA NETO,M,MA,Sao Luis
7205,178886,Juscelino Filho,56,JOSE JUSCELINO DOS SANTOS REZENDE FILHO,M,MA,Sao Luis
7206,178887,Rubens Pereira Junior,56,RUBENS PEREIRA E SILVA JUNIOR,M,MA,Sao Luis
7208,178889,Ze Carlos,56,JOSE CARLOS NUNES JUNIOR,M,MA,Sao Luis
7214,178895,Misael Varella,56,MISAEL ARTUR FERREIRA VARELLA,M,MG,Muriae
7215,178896,Newton Cardoso Jr,56,NEWTON CARDOSO JUNIOR,M,MG,Belo Horizonte
7220,178901,Tereza Cristina,56,TEREZA CRISTINA CORREA DA COSTA DIAS,F,MS,Campo Grande
7227,178908,Delegado Eder Mauro,56,EDER MAURO CARDOSO BARRA,M,PA,Belem
7228,178909,Helio Leite,56,HELIO LEITE DA SILVA,M,PA,Castanhal
7229,178910,Joaquim Passarinho,56,JOAQUIM PASSARINHO PINTO DE SOUZA PORTO,M,PA,Belem
7231,178912,Pedro Cunha Lima,56,PEDRO OLIVEIRA CUNHA LIMA,M,PB,Campina Grande
7235,178916,Daniel Coelho,56,DANIEL PIRES COELHO,M,PE,Recife
7239,178920,Ricardo Teobaldo,56,RICARDO TEOBALDO CAVALCANTI,M,PE,Limoeiro
7240,178921,Sebastiao Oliveira,56,SEBASTIAO IGNACIO DE OLIVEIRA JUNIOR,M,PE,Recife
7241,178922,Tadeu Alencar,56,FRANCISCO TADEU BARBOSA DE ALENCAR,M,CE,Juazeiro do Norte
7243,178924,Capitao Fabio Abreu,56,FABIO ABREU COSTA,M,CE,Fortaleza
7244,178925,Rejane Dias,56,REJANE RIBEIRO SOUSA DIAS,F,PI,Teresina
7246,178927,Aliel Machado,56,ALIEL MACHADO BARK,M,PR,Ponta Grossa
7247,178928,Christiane de Souza Yared,56,CHRISTIANE DE SOUZA YARED,F,PR,Curitiba
7248,178929,Diego Garcia,56,DIEGO ALEXSANDER GONCALO PAULA GARCIA,M,PR,Bandeirantes
7249,178930,Roman,56,EVANDRO ROGERIO ROMAN,M,RS,Erval Grande
7250,178931,Luciano Ducci,56,LUCIANO DUCCI,M,PR,Curitiba
7252,178933,Sergio Souza,56,SERGIO DE SOUZA,M,PR,Ivaipora
7253,178934,Toninho Wandscheer,56,ANTONIO WANDSCHEER,M,PR,Foz do Iguacu
7256,178937,Altineu Cortes,56,ALTINEU CORTES FREITAS COUTINHO,M,RJ,Sao Goncalo
7258,178939,Clarissa Garotinho,56,CLARISSA BARROS ASSED MATHEUS DE OLIVEIRA,F,RJ,Campos dos Goytacazes
7262,178943,Marcos Soares,56,MARCOS BEZERRA RIBEIRO SOARES,M,RJ,Rio de Janeiro
7264,178945,Rosangela Gomes,56,ROSANGELA DE SOUZA GOMES,F,RJ,Rio de Janeiro
7265,178946,Soraya Santos,56,SORAYA ALENCAR DOS SANTOS,F,RJ,Macae
7266,178947,Sostenes Cavalcante,56,SOSTENES SILVA CAVALCANTE,M,AL,Maceio
7267,178948,Beto Rosado,56,CARLOS ALBERTO DE SOUSA ROSADO SEGUNDO,M,RN,Mossoro
7270,178951,Rafael Motta,56,RAFAEL HUETE DA MOTTA,M,RN,Natal
7271,178952,Walter Alves,56,WALTER PEREIRA ALVES,M,RN,Natal
7272,178953,Expedito Netto,56,EXPEDITO GONCALVES FERREIRA NETTO,M,RO,Porto Velho
7273,178954,Lucio Mosquini,56,LUCIO ANTONIO MOSQUINI,M,MT,Rondonopolis
7275,178956,Mariana Carvalho,56,MARIANA FONSECA RIBEIRO CARVALHO DE MORAES,F,SP,Sao Paulo
7278,178959,Hiran Goncalves,56,HIRAN MANUEL GONCALVES DA SILVA,M,AM,Tefe
7280,178961,Sheridan,56,SHERIDAN ESTERFANY OLIVEIRA,F,RR,Boa Vista
7281,178962,Carlos Gomes,56,ANTONIO CARLOS GOMES DA SILVA,M,BA,Saude
7282,178963,Covatti Filho,56,LUIS ANTONIO FRANCISCATTO COVATTI,M,RS,Frederico Westphalen
7283,178964,Heitor Schuch,56,HEITOR JOSE SCHUCH,M,RS,Santa Cruz do Sul
7285,178966,Geovania de Sa,56,Geovania de Sa,F,SC,Criciuma
7288,178969,Fabio Mitidieri,56,FABIO CRUZ MITIDIERI,M,SE,Aracaju
7289,178970,Joao Daniel,56,JOAO SOMARIVA DANIEL,M,SC,Sao Lourenco D'Oeste
7291,178972,Alex Manente,56,ALEX SPINELLI MANENTE,M,SP,Sao Bernardo do Campo
7294,178975,Baleia Rossi,56,LUIZ FELIPE BALEIA TENUTO ROSSI,M,SP,Sao Paulo
7296,178977,Eduardo Cury,56,EDUARDO PEDROSA CURY,M,SP,Sao Jose dos Campos
7300,178981,Herculano Passos,56,HERCULANO CASTILHO PASSOS JUNIOR,M,SP,Itu
7301,178982,Luiz Lauro Filho,56,LUIZ LAURO FERREIRA FILHO,M,SP,Campinas
7302,178983,Marcio Alvino,56,MARCIO LUIZ ALVINO DE SOUZA,M,SP,Sao Paulo
7303,178984,Miguel Haddad,56,MIGUEL MOUBADDA HADDAD,M,SP,Jundiai
7304,178985,Miguel Lombardi,56,MIGUEL LOMBARDI,M,SP,Limeira
7305,178986,Nilto Tatto,56,NILTO IGNACIO TATTO,M,RS,Frederico Westphalen
7306,178987,Orlando Silva,56,ORLANDO SILVA DE JESUS JUNIOR,M,BA,Salvador
7308,178989,Renata Abreu,56,RENATA HELLMEISTER DE ABREU,F,SP,Sao Paulo
7309,178990,Samuel Moreira,56,SAMUEL MOREIRA DA SILVA JUNIOR,M,MG,Governador Valadares
7311,178992,Vitor Lippi,56,VITOR LIPPI,M,SP,Sao Paulo
7312,178993,Carlos Henrique Gaguim,56,CARLOS HENRIQUE AMORIM,M,GO,Ceres
7313,178994,Dulce Miranda,56,DULCE FERREIRA PAGANI MIRANDA,F,MG,Pocrane
7315,178996,Giovani Feltes,56,GIOVANI BATISTA FELTES,M,RS,Sao Leopoldo
7316,178997,Moses Rodrigues,56,MOSES HAENDEL MELO RODRIGUES,M,CE,Sobral
7319,179000,Marcelo Alvaro Antonio,56,MARCELO HENRIQUE TEIXEIRA DIAS,M,MG,Belo Horizonte
7320,179001,Marcio Biolchi,56,MARCIO DELLA VALLE BIOLCHI,M,RS,Carazinho
7330,179587,Vitor Hugo,56,VITOR HUGO DE ARAUJO ALMEIDA,M,BA,Salvador
7338,188097,Merlong Solano,56,MERLONG SOLANO NOGUEIRA,M,PI,Valenca do Piaui
7342,191923,Flavio Nogueira,56,FLAVIO RODRIGUES NOGUEIRA,M,CE,Alto Santo
7348,193726,Paulo Eduardo Martins,56,PAULO EDUARDO LIMA MARTINS,M,SP,Presidente Venceslau
7352,194260,Nivaldo Albuquerque,56,NIVALDO FERREIRA DE ALBUQUERQUE NETO,M,AL,Maceio
7361,195866,Vaidon Oliveira,56,FRANCISCO VAIDON OLIVEIRA,M,CE,Acarau
7364,196358,Lourival Gomes,56,LOURIVAL GOMES DE ALMEIDA,M,RJ,Rio de Janeiro
7367,197438,Tito,56,CARLOS TITO MARQUES CORDEIRO,M,BA,Santa Maria da Vitoria
7368,198197,Greyce Elias,56,GREYCE DE QUEIROZ ELIAS,F,MG,Patrocinio
7370,198783,Emanuel Pinheiro Neto,56,EMANUEL PINHEIRO DA SILVA PRIMO,M,MT,Cuiaba
7378,204351,Dr. Luiz Ovando,56,LUIZ ALBERTO OVANDO,M,MS,Corumba
7379,204352,Camilo Capiberibe,56,CARLOS CAMILO GOES CAPIBERIBE,M,,Santiago
7380,204353,Aline Gurgel,56,ALINE PARANHOS VARONIL GURGEL,F,AP,Macapa
7381,204354,Flavia Arruda,56,FLAVIA CAROLINA PERES,F,DF,Brasilia
7382,204355,Da Vitoria,56,JOSIAS MARIO DA VITORIA,M,ES,Colatina
7383,204356,Amaro Neto,56,AMARO ROCHA NASCIMENTO NETO,M,ES,Vitoria
7384,204357,Rose Modesto,56,ROSIANE MODESTO  DE OLIVEIRA,F,MS,Fatima do Sul
7385,204358,Beto Pereira,56,HUMBERTO REZENDE PEREIRA,M,MS,Campo Grande
7386,204359,Leo Moraes,56,LEONARDO BARRETO DE MORAES,M,PR,Foz do Iguacu
7387,204360,Silvia Cristina,56,SILVIA CRISTINA AMANCIO CHAGAS,F,RO,Ji-Parana
7388,204361,Carlos Chiodini,56,CARLOS ALBERTO CHIODINI,M,SC,Jaragua do Sul
7389,204362,Ricardo Guidi,56,RICARDO ZANATTA GUIDI,M,SC,Criciuma
7390,204363,Osires Damaso,56,OSIRES RODRIGUES DAMASO,M,GO,Campinorte
7391,204364,Eli Borges,56,ELI DIAS BORGES,M,GO,Ipameri
7392,204365,Gilson Marques,56,GILSON MARQUES VIEIRA,M,SC,Rio do Sul
7393,204366,Rodrigo Coelho,56,RODRIGO COELHO,M,SC,Joinville
7394,204367,Daniel Freitas,56,DANIEL COSTA DE FREITAS,M,SC,Criciuma
7395,204368,Fabio Schiochet,56,FABIO LUIZ SCHIOCHET FILHO,M,SC,Jaragua do Sul
7396,204369,Caroline de Toni,56,CAROLINE RODRIGUES DE TONI,F,SC,Chapeco
7397,204370,Celio Moura,56,CELIO ALVES DE MOURA,M,MG,Arapua
7398,204371,Felipe Rigoni,56,FELIPE RIGONI LOPES,M,ES,Linhares
7399,204372,Julio Cesar Ribeiro,56,JULIO CESAR RIBEIRO,M,SP,Sao Bernardo do Campo
7400,204373,Helio Costa,56,HELIO FRANCISCO DA COSTA,M,SC,Florianopolis
7401,204374,Bia Kicis,56,BEATRIZ KICIS TORRENTS DE SORDI,F,RJ,Resende
7402,204375,Leda Sadala,56,LEDA MARIA SADALA BRITO,F,PA,Almeirim
7403,204376,Coronel Armando,56,LUIZ ARMANDO SCHROEDER REIS,M,RJ,Resende
7404,204377,Paula Belmonte,56,PAULA MORENO PARO BELMONTE,F,SP,SAO PAULO
7405,204378,Coronel Chrisostomo,56,JOAO CHRISOSTOMO DE MOURA,M,AM,Tefe
7406,204379,Acacio Favacho,56,ACACIO DA SILVA FAVACHO NETO,M,AP,Macapa
7407,204380,Celina Leao,56,CELINA LEAO HIZIM FERREIRA,F,GO,Goiania
7408,204381,Luis Miranda,56,LUIS CLAUDIO FERNANDES MIRANDA,M,DF,Brasilia
7409,204382,Loester Trutis,56,LOESTER CARLOS GOMES DE SOUZA,M,MS,Campo Grande
7410,204383,Professor Israel Batista,56,ISRAEL MATOS BATISTA,M,DF,Brasilia
7411,204384,Ney Leprevost,56,NEY LEPREVOST NETO,M,PR,Curitiba
7412,204385,Valdevan Noventa,56,Jose Valdevan de Jesus Santos,M,SE,Estancia
7413,204386,Jose Mario Schreiner,56,JOSE MARIO SCHREINER,M,SC,Porto Uniao
7414,204387,Sargento Fahur,56,GILSON CARDOSO FAHUR,M,PR,Londrina
7415,204388,Bibo Nunes,56,ALCIBIO MESQUITA BIBO NUNES,M,RS,Cruz Alta
7416,204389,Elias Vaz,56,ELIAS VAZ DE ANDRADE,M,GO,Goiania
7417,204390,Professor Alcides,56,ALCIDES RIBEIRO FILHO,M,BA,Remanso
7418,204391,Jose Nelto,56,JOSE NELTO LAGARES DAS MERCEZ,M,MG,Tiros
7419,204392,Francisco Jr.,56,FRANCISCO RODRIGUES VALE JUNIOR,M,GO,Goiania
7420,204393,Frei Anastacio Ribeiro,56,ANTONIO RIBEIRO,M,PB,Esperanca
7421,204394,Gervasio Maia,56,GERVASIO AGRIPINO MAIA,M,SP,Sao Paulo
7422,204395,Pedro Lupion,56,PEDRO DEBONI LUPION MELLO,M,PR,Curitiba
7423,204396,Vermelho,56,NELSI COGUETTO MARIA,M,PR,Francisco Beltrao
7424,204397,Boca Aberta,56,EMERSON MIGUEL PETRIV,M,PR,Londrina
7425,204398,Felipe Francischini,56,LUIS FELIPE BONATTO FRANCISCHINI,M,PR,Curitiba
7426,204399,Schiavinato,56,JOSE CARLOS SCHIAVINATO,M,PR,Iguaracu
7427,204400,Aline Sleutjes,56,ALINE SLEUTJES,F,PR,Castro
7428,204403,Marlon Santos,56,MARLON ARATOR SANTOS DA ROSA,M,RS,Cachoeira do Sul
7429,204404,Lucas Redecker,56,LUCAS BELLO REDECKER,M,RS,Novo Hamburgo
7430,204405,Liziane Bayer,56,LIZIANE BAYER DA COSTA,F,RS,Sao Pedro do Sul
7431,204406,Pedro Westphalen,56,PEDRO BANDARRA WESTPHALEN,M,RS,Cruz Alta
7432,204407,Fernanda Melchionna,56,FERNANDA MELCHIONNA E SILVA,F,RS,Alegrete
7433,204408,Gustinho Ribeiro,56,LUIZ AUGUSTO CARVALHO RIBEIRO FILHO,M,SE,Aracaju
7434,204409,Daniel Trzeciak,56,DANIEL TRZECIAK DUARTE,M,RS,Dom Feliciano
7435,204410,Luisa Canziani,56,LUISA CANZIANI DOS SANTOS SILVEIRA,F,PR,Londrina
7436,204411,Filipe Barros,56,FILIPE BARROS BAPTISTA DE TOLEDO RIBEIRO,M,PR,Londrina
7437,204412,Dr. Zacharias Calil,56,ZACARIAS CALIL HAMU,M,GO,Goiania
7438,204413,Alcides Rodrigues,56,ALCIDES RODRIGUES FILHO,M,GO,Santa Helena de Goias
7439,204414,Aroldo Martins,56,JOSE AROLDO SOUZA MARTINS,M,SP,Sao Paulo
7440,204415,Nereu Crispim,56,NEREU CRISPIM,M,RS,Porto Alegre
7441,204416,Sanderson,56,UBIRATAN ANTUNES SANDERSON,M,RS,Erechim
7442,204418,Luizao Goulart,56,LUIZ GOULARTE ALVES,M,PR,Jandaia do Sul
7443,204419,Glaustin da Fokus,56,GLAUSKSTON BATISTA RIOS,M,GO,Goiania
7444,204420,Julian Lemos,56,GULLIEM CHARLES BEZERRA LEMOS,M,PB,Campina Grande
7445,204421,Edna Henrique,56,EDNACE ALVES SILVESTRE HENRIQUE,F,BA,Xique-Xique
7446,204422,Ossesio Silva,56,OSSESIO JOSE DA SILVA,M,RJ,Rio de Janeiro
7447,204423,Andre Ferreira,56,ANDRE FERREIRA RODRIGUES,M,PE,Recife
7448,204425,Silvio Costa Filho,56,SILVIO SERAFIM COSTA FILHO,M,PE,Recife
7449,204426,Carlos Veras,56,JOSE CARLOS VERAS DOS SANTOS,M,PE,Tabira
7450,204427,Fernando Rodolfo,56,FERNANDO RODOLFO TENORIO DE VASCONCELOS,M,PE,Garanhuns
7451,204428,Marilia Arraes,56,MARILIA VALENCA ROCHA ARRAES DE ALENCAR,F,PE,Recife
7452,204429,Joao H. Campos,56,JOAO HENRIQUE DE ANDRADE LIMA CAMPOS,M,PE,Recife
7453,204430,Margarete Coelho,56,MARGARETE DE CASTRO COELHO,F,PI,Sao Raimundo Nonato
7454,204431,Marcos Aurelio Sampaio,56,MARCOS AURELIO  PADUA RIBEIRO GONCALVES DE SAMPAIO,M,PI,Teresina
7455,204432,Marina Santos,56,MARINA SANTOS BATISTA DIAS,F,PI,Picos
7456,204433,Marcelo Calero,56,MARCELO CALERO FARIA GARCIA,M,RJ,Rio de Janeiro
7457,204434,Dra. Vanda Milani,56,VANDA DENIR MILANI NOGUEIRA,F,SP,Cedral
7458,204435,Jesus Sergio,56,JESUS SERGIO DE MENEZES,M,AC,Tarauaca
7459,204436,Isnaldo Bulhoes Jr.,56,ISNALDO BULHOES BARROS JUNIOR,M,AL,Maceio
7460,204437,Severino Pessoa,56,SEVERINO DE LIRA PESSOA,M,AL,Arapiraca
7461,204438,Sergio Toledo,56,SERGIO TOLEDO DE ALBUQUERQUE,M,AL,Maceio
7462,204439,Dr. Leonardo,56,LEONARDO RIBEIRO ALBUQUERQUE,M,GO,Rio Verde
7463,204440,Christino Aureo,56,CHRISTINO AUREO DA SILVA,M,RJ,Macae
7464,204441,Otoni de Paula,56,OTONI MOURA DE PAULO JUNIOR,M,RJ,Rio de Janeiro
7465,204442,Gurgel,56,JOAO CARLOS SOARES GURGEL,M,RJ,Rio de Janeiro
7466,204443,Wagner Montes,56,WAGNER MONTES DOS SANTOS,M,RJ,Rio de Janeiro
7467,204444,Helio Lopes,56,HELIO FERNANDO BARBOSA LOPES,M,RJ,Queimados
7468,204445,Fernando Mineiro,56,FERNANDO WANDERLEY VARGAS DA SILVA,M,MG,Curvelo
7469,204446,Professor Joziel,56,JOZIEL FERREIRA CARLOS,M,RJ,Duque de Caxias
7470,204447,Flordelis,56,FLORDELIS DOS SANTOS DE SOUZA,F,RJ,Rio de Janeiro
7471,204448,Luiz Antonio Correa,56,LUIZ ANTONIO DA COSTA CARVALHO CORREA DA SILVA,M,RJ,Rio de Janeiro
7472,204449,Nelson Barbudo,56,NELSON NED PREVIDENTE,M,SP,Poloni
7473,204450,Dr. Luiz Antonio Teixeira Jr.,56,LUIZ ANTONIO DE SOUZA TEIXEIRA JUNIOR,M,RJ,Nova Iguacu
7474,204451,Delegado Antonio Furtado,56,ANTONIO DA LUZ FURTADO,M,RJ,Rio de Janeiro
7475,204452,Marcio Labre,56,MARCIO DA SILVEIRA LABRE,M,RJ,Rio de Janeiro
7476,204453,Natalia Bonavides,56,NATALIA BASTOS BONAVIDES,F,RN,Natal
7477,204454,Daniel Silveira,56,DANIEL LUCIO DA SILVEIRA,M,RJ,Petropolis
7478,204455,Luiz Lima,56,LUIZ EDUARDO CARNEIRO DA SILVA DE SOUZA LIMA,M,RJ,Rio de Janeiro
7479,204456,Gutemberg Reis,56,GUTEMBERG REIS DE OLIVEIRA,M,RJ,Duque de Caxias
7480,204457,Juninho do Pneu,56,ROGERIO TEIXEIRA JUNIOR,M,RJ,Nova Iguacu
7481,204458,Major Fabiana,56,FABIANA SILVA DE SOUZA POUBEL,F,RJ,Rio de Janeiro
7482,204459,Daniela do Waguinho,56,DANIELA MOTE DE SOUZA CARNEIRO,F,RJ,Rio de Janeiro
7483,204460,Carlos Jordy,56,Carlos Roberto Coelho de Mattos Junior,M,RJ,Niteroi
7484,204461,Paulo Ganime,56,PAULO GUSTAVO GANIME ALVES TEIXEIRA,M,RJ,Rio de Janeiro
7485,204462,Chris Tonietto,56,CHRISTINE NOGUEIRA DOS REIS TONIETTO,F,RJ,Rio de Janeiro
7486,204463,Wladimir Garotinho,56,WLADIMIR BARROS ASSED MATHEUS DE OLIVEIRA,M,RJ,Rio de Janeiro
7487,204464,Taliria Petrone,56,TALIRIA PETRONE SOARES,F,RJ,Niteroi
7488,204465,Haroldo Cathedral,56,HAROLDO ALVES CAMPOS,M,MG,Itabira
7489,204466,Tereza Nelma,56,TEREZA NELMA DA SILVA PORTO VIANA SOARES,F,AL,Maceio
7490,204467,Professora Rosa Neide,56,ROSA NEIDE SANDES DE ALMEIDA,F,BA,Amargosa
7491,204468,Joenia Wapichana,56,JOENIA BATISTA DE CARVALHO,F,RR,Boa Vista
7492,204469,Manuel Marcos,56,MANUEL MARCOS CARVALHO DE MESQUITA,M,CE,Tiangua
7493,204471,Mara Rocha,56,CYLMARA FERNANDES DA ROCHA GRIPP,F,AC,Rio Branco
7494,204472,Jose Medeiros,56,JOSE ANTONIO DOS SANTOS MEDEIROS,M,RN,Caico
7495,204473,General Girao,56,ELIESER GIRAO MONTEIRO FILHO,M,CE,Fortaleza
7496,204474,Juarez Costa,56,JUAREZ ALVES DA COSTA,M,PR,Londrina
7497,204475,Ottaci Nascimento,56,JOSE OTACI BARROSO DO NASCIMENTO,M,AM,Eirunepe
7498,204476,Chiquinho Brazao,56,JOAO FRANCISCO INACIO BRAZAO,M,RJ,Rio de Janeiro
7499,204477,Felicio Laterca,56,FELICIO LATERCA DE ALMEIDA,M,RJ,Campos dos Goytacazes
7500,204478,Vinicius Farah,56,VINICIUS MEDEIROS FARAH,M,RJ,Tres Rios
7501,204479,Nicoletti,56,ANTONIO CARLOS NICOLETTI,M,RS,Ijui
7502,204480,Rogerio Correia,56,ROGERIO CORREIA DE MOURA BAPTISTA,M,MG,Belo Horizonte
7503,204481,Dr. Jaziel,56,JAZIEL PEREIRA DE SOUSA,M,CE,Camocim
7504,204482,Euclydes Pettersen,56,EUCLYDES MARCOS PETTERSEN NETO,M,MG,Governador Valadares
7505,204483,Vilson da Fetaemg,56,VILSON LUIZ DA SILVA,M,MG,Claudio
7506,204484,General Peternelli,56,ROBERTO SEBASTIAO PETERNELLI JUNIOR,M,SP,Ribeirao Preto
7507,204485,Luiz Carlos Motta,56,LUIZ CARLOS MOTTA,M,SP,Ribeirao Preto
7508,204486,Mauro Benevides Filho,56,CARLOS MAURO BENEVIDES FILHO,M,CE,Fortaleza
7509,204487,Capitao Wagner,56,WAGNER SOUSA GOMES,M,SP,SAO PAULO
7510,204488,Celio Studart,56,CELIO STUDART BARBOSA,M,CE,Fortaleza
7511,204489,Roberio Monteiro,56,MARCOS ROBERIO RIBEIRO MONTEIRO,M,CE,Itarema
7512,204490,Charlles Evangelista,56,CHARLLES THOMACELLI EVANGELISTA,M,MG,Juiz de Fora
7513,204491,Gilberto Abramo,56,GILBERTO APARECIDO ABRAMO,M,SP,Porto Ferreira
7514,204492,Paulo Guedes,56,PAULO JOSE CARLOS GUEDES,M,MG,Manga
7515,204494,Fred Costa,56,FREDERICO BORGES DA COSTA,M,MG,Belo Horizonte
7516,204495,Airton Faleiro,56,AIRTON LUIZ FALEIRO,M,RS,Tenente Portela
7517,204496,Celso Sabino,56,CELSO SABINO DE OLIVEIRA,M,PA,Belem
7518,204497,Junior Ferrari,56,JOAO FERRARI JUNIOR,M,PA,Oriximina
7519,204498,Olival Marques,56,OLIVAL HENRIQUE MARQUES DE SOUZA,M,PA,Ananindeua
7520,204499,Cassio Andrade,56,CASSIO COELHO ANDRADE,M,BA,Salvador
7521,204500,Eduardo Costa,56,JOSE EDUARDO PEREIRA DA COSTA,M,PA,Belem
7522,204501,Alencar Santana Braga,56,ALENCAR SANTANA BRAGA,M,SP,Guarulhos
7523,204502,Bozzella,56,NICOLINO BOZZELLA JUNIOR,M,SP,Santos
7524,204503,Alexandre Padilha,56,ALEXANDRE ROCHA SANTOS PADILHA,M,SP,Sao Paulo
7525,204504,Cezinha de Madureira,56,ANTONIO CEZAR CORREIA FREIRE,M,BA,Ipiau
7526,204505,Vava Martins,56,WAGNER BACH MARTINS,M,RS,Pelotas
7527,204506,Marcos Pereira,56,MARCOS ANTONIO PEREIRA,M,ES,Linhares
7528,204507,Carla Zambelli,56,CARLA ZAMBELLI SALGADO,F,SP,Ribeirao Preto
7529,204508,Igor Timo,56,IGOR TARCIANO TIMO,M,MG,Virgem da Lapa
7530,204509,Aurea Carolina,56,AUREA CAROLINA DE FREITAS E SILVA,F,PA,Tucurui
7531,204510,Franco Cartafina,56,FRANCO CARTAFINA GOMES,M,MG,Uberaba
7532,204511,David Soares,56,DAVID BEZERRA RIBEIRO SOARES,M,RJ,Rio de Janeiro
7533,204512,Delegado Marcelo Freitas,56,MARCELO EDUARDO FREITAS,M,MG,Montes Claros
7534,204513,Guiga Peixoto,56,JOSE GUILHERME NEGRAO PEIXOTO,M,SP,Tatui
7535,204514,Coronel Tadeu,56,MARCIO TADEU ANHAIA DE LEMOS,M,SP,SAO PAULO
7536,204515,Andre Janones,56,ANDRE LUIS GASPAR JANONES,M,MG,Ituiutaba
7537,204516,Alexis Fonteyne,56,Alexis Joseph Steverlynck Fonteyne,M,SP,Campinas
7538,204517,Ze Vitor,56,JOSE VITOR DE RESENDE AGUIAR,M,MG,Araguari
7539,204518,Dr. Frederico,56,FREDERICO DE CASTRO ESCALEIRA,M,RJ,Teresopolis
7540,204519,Tiago Mitraud,56,TIAGO LIMA MITRAUD DE CASTRO LEITE,M,DF,Brasilia
7541,204520,Junio Amaral,56,GERALDO JUNIO DO AMARAL,M,MG,Belo Horizonte
7542,204521,Abou Anni,56,PAULO SERGIO ABOU ANNI,M,SP,Sao Paulo
7543,204522,Marco Bertaiolli,56,MARCO AURELIO BERTAIOLLI,M,SP,Mogi das Cruzes
7544,204523,Lucas Gonzalez,56,LUCAS DE VASCONCELOS GONZALEZ,M,MG,Belo Horizonte
7545,204524,Pinheirinho,56,ANTONIO PINHEIRO NETO,M,MG,Belo Horizonte
7546,204525,Rosana Valle,56,ROSANA DE OLIVEIRA VALLE,F,SP,Santos
7547,204526,Luiz Philippe de Orleans e Braganca,56,LUIZ PHILIPPE DE ORLEANS BRAGANCA,M,RJ,Rio de Janeiro
7548,204527,Geninho Zuliani,56,EUGENIO JOSE ZULIANI,M,SP,Ribeirao Pires
7549,204528,Adriana Ventura,56,ADRIANA MIGUEL VENTURA,F,SP,Sao Paulo
7550,204529,Policial Katia Sastre,56,KATIA DA SILVA SASTRE,F,SP,Sao Paulo
7551,204530,Rodrigo Agostinho,56,RODRIGO ANTONIO DE AGOSTINHO MENDONCA,M,SP,Cafelandia
7552,204531,Guilherme Derrite,56,GUILHERME MURARO DERRITE,M,SP,Sorocaba
7553,204532,Vinicius Poit,56,VINICIUS LAZZER POIT,M,SP,Sao Bernardo do Campo
7554,204533,Idilvan Alencar,56,ANTONIO IDILVAN DE LIMA ALENCAR,M,CE,Crato
7555,204534,Tabata Amaral,56,TABATA CLAUDIA AMARAL DE PONTES,F,SP,Sao Paulo
7556,204535,Samia Bomfim,56,SAMIA DE SOUZA BOMFIM,F,SP,Presidente Prudente
7557,204536,Kim Kataguiri,56,KIM PATROCA KATAGUIRI,M,SP,Salto
7558,204537,Enrico Misasi,56,ENRICO VAN BLARCUM DE GRAAFF MISASI,M,SP,Sao Paulo
7559,204538,Paulo Bengtson,56,PAULO EDUARDO MAESTRI BENGTSON,M,BA,Vitoria da Conquista
7560,204539,Hercilio Coelho Diniz,56,HERCILIO ARAUJO DINIZ FILHO,M,MG,Governador Valadares
7561,204540,Maria Rosas,56,MARIA DO PARTO MENDES ROSAS,F,RJ,Angra dos Reis
7562,204541,Eduardo Bismarck,56,EDUARDO HENRIQUE MAIA BISMARCK,M,CE,Fortaleza
7563,204542,Denis Bezerra,56,DENIS ANDERSON DA ROCHA BEZERRA,M,CE,Fortaleza
7564,204543,Luiz Flavio Gomes,56,LUIZ FLAVIO GOMES,M,SP,Sud Menucci
7565,204544,Alexandre Frota,56,ALEXANDRE FROTA DE ANDRADE,M,RJ,Rio de Janeiro
7566,204545,Ale Silva,56,ALESSANDRA DA SILVA,F,RJ,Petropolis
7567,204546,Joice Hasselmann,56,JOICE CRISTINA HASSELMANN,F,PR,Ponta Grossa
7568,204547,Leo Motta,56,ELIEL MARCIO DO CARMO,M,MG,Contagem
7569,204548,Heitor Freire,56,HEITOR RODRIGO PEREIRA FREIRE,M,CE,Juazeiro do Norte
7570,204549,AJ Albuquerque,56,ANTONIO JOSE AGUIAR ALBUQUERQUE,M,CE,Fortaleza
7571,204550,Junior Mano,56,ANTONIO LUIZ RODRIGUES MANO JUNIOR,M,CE,Nova Russas
7572,204551,Bosco Saraiva,56,JOAO BOSCO GOMES SARAIVA,M,AM,Manaus
7573,204552,Eduardo Braide,56,EDUARDO SALIM BRAIDE,M,MA,Sao Luis
7574,204553,Pastor Sargento Isidorio,56,MANOEL ISIDORIO DE SANTANA JUNIOR,M,BA,Salvador
7575,204554,Abilio Santana,56,JOSE ABILIO SILVA DE SANTANA,M,BA,Salvador
7576,204555,Jose Ricardo,56,JOSE RICARDO WENDLING,M,RS,Montenegro
7577,204556,Marcelo Ramos,56,MARCELO RAMOS RODRIGUES,M,AM,Manaus
7578,204557,Sidney Leite,56,SIDNEY RICARDO DE OLIVEIRA LEITE,M,AM,Manaus
7579,204558,Marcelo Nilo,56,JOSE MARCELO DO NASCIMENTO NILO,M,BA,Antas
7580,204559,Ze Neto,56,JOSE CERQUEIRA DE SANTANA NETO,M,BA,Feira de Santana
7581,204560,Adolfo Viana,56,ADOLFO VIANA DE CASTRO NETO,M,BA,Salvador
7582,204561,Bira do Pindare,56,UBIRAJARA DO PINDARE ALMEIDA SOUSA,M,MA,Pindare Mirim
7583,204562,Edilazio Junior,56,EDILAZIO GOMES DA SILVA JUNIOR,M,MA,Sao Luis
7584,204563,Josimar Maranhaozinho,56,JOSIMAR CUNHA RODRIGUES,M,CE,Varzea Alegre
7585,204564,Igor Kannario,56,ANDERSON MACHADO DE JESUS,M,BA,Salvador
7586,204565,Professora Dayane Pimentel,56,DAYANE JAMILLE CARNEIRO DOS SANTOS PIMENTEL,F,BA,Feira de Santana
7587,204566,Marreca Filho,56,ANTONIO DA CRUZ FILGUEIRA NETO,M,MA,Sao Luis
7588,204567,Raimundo Costa,56,RAIMUNDO MAGALHAES COSTA,M,BA,Valenca
7589,204569,Delegado Pablo,56,PABLO OLIVA SOUZA,M,AM,Manaus
7590,204570,Pastor Gil,56,GILDENEMIR DE LIMA SOUSA,M,MA,Sao Luis
7591,204571,Alex Santana,56,ALEX MARCO SANTANA SOUSA,M,BA,Salvador
7592,204572,Capitao Alberto Neto,56,ALBERTO BARROS CAVALCANTE NETO,M,CE,Fortaleza
7593,204573,Otto Alencar Filho,56,OTTO ROBERTO MENDONCA DE ALENCAR FILHO,M,BA,Salvador
7594,204574,Junior Lourenco,56,JOSE LOURENCO BOMFIM JUNIOR,M,MA,Sao Luis
7595,204575,Gil Cutrim,56,GILLIANO FRED NASCIMENTO CUTRIM,M,MA,Sao Luis
7596,204576,Joao Roma,56,JOAO INACIO RIBEIRO ROMA NETO,M,PE,Recife
7604,205476,Charles Fernandes,56,CHARLES FERNANDES SILVEIRA SANTANA,M,BA,Guanambi
7605,205535,Patricia Ferraz,56,PATRICIA LIMA FERRAZ,F,MG,Belo Horizonte
7606,205548,David Miranda,56,DAVID MICHAEL DOS SANTOS MIRANDA,M,RJ,Rio de Janeiro
7607,205550,Jorge Braz,56,JORGE BRAZ DE OLIVEIRA,M,MG,Palma
7608,205863,Marcelo Brum,56,MARCELO DE BRUM DA COSTA,M,RS,Santiago
7609,205865,Reinhold Stephanes Junior,56,REINHOLD STEPHANES JUNIOR,M,PR,Curitiba
7610,206231,Ted Conti,56,JOAO BATISTA CONTI,M,ES,Muqui
7611,207176,Bia Cavassa,56,BEATRIZ ROSALIA RIBEIRO CAVASSA DE OLIVEIRA,F,MS,Corumba
7612,207309,Eneias Reis,56,ENEIAS JOSE DOS REIS,M,MG,Coronel Fabriciano
7613,209189,Joseildo Ramos,56,JOSEILDO RIBEIRO RAMOS,M,BA,Alagoinhas
7614,211649,Ricardo Pericar,56,RICARDO DE SOUZA COSTA,M,RJ,Rio de Janeiro
7615,211866,Fabiano Tolentino,56,FABIANO GALLETTI TOLENTINO,M,MG,Belo Horizonte
7616,212504,Fernando Borja,56,FERNANDO BORJA PINTO,M,MG,Belo Horizonte
7617,212625,Dr. Goncalo,56,ANTONIO ELIZABETH GONCALO DE SOUSA,M,MA,Pastos Bons
7618,212749,Marcao Gomes,56,MARCUS WELBER GOMES DA SILVA,M,RJ,Rio de Janeiro
7619,213274,Ricardo Silva,56,RICARDO AUGUSTO MACHADO DA SILVA,M,SP,Ribeirao Preto
7620,213679,Dr. Joao,56,JOAO ANTONIO HOLANDA CALDAS,M,AL,Maceio
7621,213762,Carla Dickson,56,HILKEA CARLA DE SOUZA MEDEIROS LIMA,F,PA,Belem
7622,213854,Dr. Agripino Magalhaes,56,AGRIPINO RODRIGUES GOMES MAGALHAES,M,CE,Boa Viagem
7623,213856,Deuzinho Filho,56,FRANCISCO DEUZINHO DE OLIVEIRA FILHO,M,CE,Caucaia
7624,214445,Nilson F. Stainsack,56,NILSON FRANCISCO STAINSACK,M,SC,Presidente Getulio
7625,214477,Renato Queiroz,56,RENATO ANDRADE QUEIROZ,M,RR,Boa Vista
7626,214694,Jorge Goetten,56,JORGE GOETTEN DE LIMA,M,SC,Itajai
